id,name,model_id:id,group_id:id,perm_read,perm_write,perm_create,perm_unlink
access_hr_zk_machine_user,zk.machine.hr_biometric_machine,model_zk_machine,hr_attendance.group_hr_attendance_user,1,1,1,1
access_hr_zk_machine_user1,zk.machine.hr_biometric_machine1,model_zk_machine_attendance,hr_attendance.group_hr_attendance_user,1,1,1,1
access_hr_zk_machine_user2,zk.machine.hr_biometric_machine2,model_zk_report_daily_attendance,hr_attendance.group_hr_attendance_user,1,1,1,1
access_hr_employee_devices_ids,hr_employee_devices_ids2,model_hr_employee_devices_ids,hr_attendance.group_hr_attendance_user,1,1,1,1

access_hr_att_typesread_ids,hr_att_typesread_ids2,model_attendance_types_readings,hr_attendance.group_hr_attendance_user,1,1,1,1
access_zk_device_area_user,zk.device.area.user,model_zk_device_area,hr_attendance.group_hr_attendance_user,1,0,0,0
access_zk_device_area_manager,zk.device.area.manager,model_zk_device_area,group_device_area_manager,1,1,1,1



